[
{"r_num":1,"id":2001,"operator":"Kerstin Hunton","oprator_type":"Staff Accountant II","equipmwnt":"XL-7","plate_number":2012,"remark":"jcb","repair_detail":"8 Melvin Road","mechanic":"EU","checked_by":"Salomone Irving","status":true,"date":"09.03.2023"},
{"r_num":2,"id":2005,"operator":"Cathlene Newbold","oprator_type":"Analyst Programmer","equipmwnt":"Dakota","plate_number":1994,"remark":"americanexpress","repair_detail":"72056 Oneill Pass","mechanic":"OC","checked_by":"Jarad Demangeot","status":false,"date":"30.07.2023"},
{"r_num":3,"id":1969,"operator":"Aldin Henrych","oprator_type":"Desktop Support Technician","equipmwnt":"Mustang","plate_number":2004,"remark":"bankcard","repair_detail":"8977 Bultman Junction","mechanic":"AF","checked_by":"Tabbie Desson","status":false,"date":"27.08.2023"},
{"r_num":4,"id":1997,"operator":"Adrienne Dillamore","oprator_type":"Community Outreach Specialist","equipmwnt":"Maxima","plate_number":2003,"remark":"solo","repair_detail":"0087 Waubesa Hill","mechanic":"OC","checked_by":"Vern Partridge","status":false,"date":"19.12.2022"},
{"r_num":5,"id":1993,"operator":"Richart Dasent","oprator_type":"VP Product Management","equipmwnt":"Eldorado","plate_number":1995,"remark":"diners-club-enroute","repair_detail":"3 Delaware Way","mechanic":"SA","checked_by":"Ellyn Markwick","status":false,"date":"02.05.2023"},
{"r_num":6,"id":2000,"operator":"Latrena McGonnell","oprator_type":"Senior Sales Associate","equipmwnt":"Eclipse","plate_number":1986,"remark":"jcb","repair_detail":"1503 Del Sol Center","mechanic":"NA","checked_by":"Reade Starkie","status":false,"date":"14.04.2023"},
{"r_num":7,"id":1998,"operator":"Hedvige Orpwood","oprator_type":"Accounting Assistant I","equipmwnt":"Prelude","plate_number":2013,"remark":"diners-club-carte-blanche","repair_detail":"1 Milwaukee Street","mechanic":"AF","checked_by":"Shanan Bearcock","status":true,"date":"26.12.2022"},
{"r_num":8,"id":2007,"operator":"Lizbeth Paschek","oprator_type":"Business Systems Development Analyst","equipmwnt":"i-370","plate_number":1992,"remark":"jcb","repair_detail":"3454 Kipling Junction","mechanic":"NA","checked_by":"Zelda Kik","status":false,"date":"09.07.2023"},
{"r_num":9,"id":1995,"operator":"Godart Merrin","oprator_type":"Account Coordinator","equipmwnt":"900","plate_number":2011,"remark":"visa","repair_detail":"3 Dahle Place","mechanic":"SA","checked_by":"Siward Brion","status":false,"date":"23.07.2023"},
{"r_num":10,"id":2007,"operator":"Horacio Defond","oprator_type":"Research Associate","equipmwnt":"SLR McLaren","plate_number":2005,"remark":"jcb","repair_detail":"9143 Pierstorff Circle","mechanic":"AF","checked_by":"Billye Wrettum","status":true,"date":"27.02.2023"},
{"r_num":11,"id":2004,"operator":"Lynnett Udale","oprator_type":"Pharmacist","equipmwnt":"Allroad","plate_number":2007,"remark":"visa","repair_detail":"02 Sauthoff Trail","mechanic":"SA","checked_by":"Edithe Gaddas","status":false,"date":"22.02.2023"},
{"r_num":12,"id":1994,"operator":"Tawnya Abela","oprator_type":"Legal Assistant","equipmwnt":"DeVille","plate_number":2010,"remark":"americanexpress","repair_detail":"793 Tennyson Park","mechanic":"NA","checked_by":"Vic Doudny","status":false,"date":"17.01.2023"},
{"r_num":13,"id":2006,"operator":"Inez Boorman","oprator_type":"Geological Engineer","equipmwnt":"612 Scaglietti","plate_number":1953,"remark":"jcb","repair_detail":"226 Arrowood Pass","mechanic":"EU","checked_by":"Paton McAlees","status":true,"date":"03.08.2023"},
{"r_num":14,"id":1993,"operator":"Ashbey Schoular","oprator_type":"Paralegal","equipmwnt":"940","plate_number":2007,"remark":"jcb","repair_detail":"1 Towne Circle","mechanic":"OC","checked_by":"Wendel Wynter","status":false,"date":"06.08.2023"},
{"r_num":15,"id":1996,"operator":"Haslett Burdin","oprator_type":"Statistician II","equipmwnt":"Alcyone SVX","plate_number":1987,"remark":"jcb","repair_detail":"01 Lawn Court","mechanic":"AS","checked_by":"Wilhelmine Bailles","status":true,"date":"03.10.2022"},
{"r_num":16,"id":1996,"operator":"Bertine Sandom","oprator_type":"Professor","equipmwnt":"Yukon","plate_number":2013,"remark":"jcb","repair_detail":"04 Melody Drive","mechanic":"AS","checked_by":"Linea Sweeten","status":true,"date":"10.09.2023"},
{"r_num":17,"id":1993,"operator":"Herby Biaggelli","oprator_type":"Budget/Accounting Analyst III","equipmwnt":"Riviera","plate_number":2011,"remark":"jcb","repair_detail":"4 Northwestern Pass","mechanic":"AS","checked_by":"Bax Wince","status":true,"date":"03.09.2023"},
{"r_num":18,"id":1993,"operator":"Jarred Windmill","oprator_type":"Executive Secretary","equipmwnt":"Navajo","plate_number":2010,"remark":"jcb","repair_detail":"6 Hollow Ridge Way","mechanic":"OC","checked_by":"Filippo O'Siaghail","status":true,"date":"11.02.2023"},
{"r_num":19,"id":2010,"operator":"Parry Ratke","oprator_type":"General Manager","equipmwnt":"Tribute","plate_number":1989,"remark":"americanexpress","repair_detail":"6 Ludington Lane","mechanic":"NA","checked_by":"Gard Treweke","status":false,"date":"09.02.2023"},
{"r_num":20,"id":2011,"operator":"Vivianna Kliment","oprator_type":"Payment Adjustment Coordinator","equipmwnt":"Continental GTC","plate_number":1997,"remark":"americanexpress","repair_detail":"124 Sheridan Center","mechanic":"NA","checked_by":"Cristina MacLeod","status":true,"date":"23.09.2023"},
{"r_num":21,"id":2001,"operator":"Obadiah Taggett","oprator_type":"Senior Sales Associate","equipmwnt":"Express 2500","plate_number":1996,"remark":"americanexpress","repair_detail":"26 Mariners Cove Way","mechanic":"AS","checked_by":"Alyssa Mumberson","status":false,"date":"02.01.2023"},
{"r_num":22,"id":2012,"operator":"Batholomew Carcass","oprator_type":"Assistant Manager","equipmwnt":"Forte","plate_number":2010,"remark":"instapayment","repair_detail":"8228 Esch Pass","mechanic":"SA","checked_by":"Vonni O'Mara","status":true,"date":"31.07.2023"},
{"r_num":23,"id":2007,"operator":"Helga Sothern","oprator_type":"Director of Sales","equipmwnt":"Mustang","plate_number":1999,"remark":"americanexpress","repair_detail":"645 Maple Wood Pass","mechanic":"EU","checked_by":"Valry Richard","status":false,"date":"15.03.2023"},
{"r_num":24,"id":2006,"operator":"Mendy Skillett","oprator_type":"Clinical Specialist","equipmwnt":"Navigator","plate_number":1962,"remark":"switch","repair_detail":"508 Artisan Point","mechanic":"AS","checked_by":"Polly Skechley","status":false,"date":"15.07.2023"},
{"r_num":25,"id":2010,"operator":"Salomone Affleck","oprator_type":"VP Accounting","equipmwnt":"Ranger","plate_number":1991,"remark":"jcb","repair_detail":"9 Meadow Ridge Terrace","mechanic":"EU","checked_by":"Isabelle Ortega","status":true,"date":"09.10.2022"},
{"r_num":26,"id":1996,"operator":"Leshia Mealham","oprator_type":"Editor","equipmwnt":"Riviera","plate_number":2000,"remark":"china-unionpay","repair_detail":"14204 Sauthoff Trail","mechanic":"OC","checked_by":"Farlay Caldecot","status":false,"date":"15.07.2023"},
{"r_num":27,"id":2006,"operator":"Zedekiah Doswell","oprator_type":"Research Nurse","equipmwnt":"Charger","plate_number":1988,"remark":"switch","repair_detail":"707 Division Crossing","mechanic":"OC","checked_by":"Fletcher Crinkley","status":true,"date":"13.10.2022"},
{"r_num":28,"id":2003,"operator":"Rhona Nutbrown","oprator_type":"Nurse","equipmwnt":"Celica","plate_number":1993,"remark":"china-unionpay","repair_detail":"490 Shasta Hill","mechanic":"AS","checked_by":"Anatollo Stockings","status":false,"date":"08.07.2023"},
{"r_num":29,"id":1984,"operator":"Patrizia Kleynen","oprator_type":"Marketing Manager","equipmwnt":"5000S","plate_number":1997,"remark":"maestro","repair_detail":"0 Bayside Junction","mechanic":"SA","checked_by":"Vivianna Iseton","status":true,"date":"01.03.2023"},
{"r_num":30,"id":2002,"operator":"Stanleigh Breakey","oprator_type":"Project Manager","equipmwnt":"Accord","plate_number":1994,"remark":"jcb","repair_detail":"04 Northport Street","mechanic":"EU","checked_by":"Bekki Killoran","status":true,"date":"26.08.2023"},
{"r_num":31,"id":2005,"operator":"Harmonia Upcraft","oprator_type":"Health Coach II","equipmwnt":"Boxster","plate_number":2002,"remark":"instapayment","repair_detail":"541 Straubel Park","mechanic":"OC","checked_by":"Holly Huguet","status":true,"date":"02.08.2023"},
{"r_num":32,"id":2000,"operator":"Magdalena Morewood","oprator_type":"Product Engineer","equipmwnt":"Seville","plate_number":2003,"remark":"visa-electron","repair_detail":"0395 Packers Parkway","mechanic":"AF","checked_by":"Alastair Kerner","status":false,"date":"16.09.2023"},
{"r_num":33,"id":1993,"operator":"Jasen Nowak","oprator_type":"Speech Pathologist","equipmwnt":"Civic","plate_number":1995,"remark":"jcb","repair_detail":"33659 Badeau Place","mechanic":"NA","checked_by":"Miran Corn","status":true,"date":"28.05.2023"},
{"r_num":34,"id":2002,"operator":"Katerine Kerry","oprator_type":"Senior Sales Associate","equipmwnt":"Voyager","plate_number":1991,"remark":"jcb","repair_detail":"8 Westerfield Center","mechanic":"NA","checked_by":"Heriberto Beat","status":true,"date":"04.10.2022"},
{"r_num":35,"id":2012,"operator":"Woodman Allone","oprator_type":"Payment Adjustment Coordinator","equipmwnt":"DBS","plate_number":2009,"remark":"jcb","repair_detail":"6681 Melvin Avenue","mechanic":"AS","checked_by":"Ulises Cardall","status":false,"date":"03.12.2022"},
{"r_num":36,"id":2008,"operator":"Reube Giovanetti","oprator_type":"Staff Scientist","equipmwnt":"SX4","plate_number":2006,"remark":"visa-electron","repair_detail":"025 Arapahoe Avenue","mechanic":"SA","checked_by":"Algernon Embery","status":false,"date":"07.05.2023"},
{"r_num":37,"id":2003,"operator":"Damon Pawson","oprator_type":"Research Assistant III","equipmwnt":"Altima","plate_number":1994,"remark":"jcb","repair_detail":"01988 Calypso Park","mechanic":"EU","checked_by":"Jacquelin Crockett","status":false,"date":"18.12.2022"},
{"r_num":38,"id":1990,"operator":"Pepi Liston","oprator_type":"Database Administrator IV","equipmwnt":"Electra","plate_number":1999,"remark":"jcb","repair_detail":"25100 Blackbird Junction","mechanic":"SA","checked_by":"Nappie Paget","status":false,"date":"27.03.2023"},
{"r_num":39,"id":2002,"operator":"Jean Plinck","oprator_type":"Sales Representative","equipmwnt":"Sonata","plate_number":1984,"remark":"americanexpress","repair_detail":"55 Mitchell Junction","mechanic":"EU","checked_by":"Ellie Ricson","status":false,"date":"03.10.2022"},
{"r_num":40,"id":2009,"operator":"Dian Falconar","oprator_type":"Internal Auditor","equipmwnt":"Sienna","plate_number":2012,"remark":"diners-club-enroute","repair_detail":"4 Veith Parkway","mechanic":"SA","checked_by":"Colleen Gobbett","status":true,"date":"05.02.2023"},
{"r_num":41,"id":1997,"operator":"Camel Colly","oprator_type":"Analyst Programmer","equipmwnt":"Camry","plate_number":2001,"remark":"bankcard","repair_detail":"4606 Homewood Terrace","mechanic":"AF","checked_by":"Bill Gaze","status":true,"date":"01.01.2023"},
{"r_num":42,"id":1994,"operator":"Jordana Eymer","oprator_type":"Staff Scientist","equipmwnt":"Diablo","plate_number":1997,"remark":"jcb","repair_detail":"3555 Summerview Lane","mechanic":"SA","checked_by":"Morna Jakobssen","status":false,"date":"19.01.2023"},
{"r_num":43,"id":1993,"operator":"Mayor Eberdt","oprator_type":"VP Accounting","equipmwnt":"MX-5","plate_number":1994,"remark":"jcb","repair_detail":"5197 Glacier Hill Place","mechanic":"OC","checked_by":"Eilis Ealam","status":false,"date":"07.11.2022"},
{"r_num":44,"id":2007,"operator":"Eustacia Decroix","oprator_type":"Executive Secretary","equipmwnt":"S-Class","plate_number":1993,"remark":"mastercard","repair_detail":"68 Mcguire Hill","mechanic":"AS","checked_by":"Marta Lokier","status":true,"date":"06.06.2023"},
{"r_num":45,"id":1995,"operator":"Jenny Fireman","oprator_type":"Staff Accountant I","equipmwnt":"Dakota Club","plate_number":2008,"remark":"bankcard","repair_detail":"78 Atwood Way","mechanic":"NA","checked_by":"Elita Mendonca","status":false,"date":"09.08.2023"},
{"r_num":46,"id":1963,"operator":"Jacobo Wornham","oprator_type":"Actuary","equipmwnt":"E-Series","plate_number":2007,"remark":"jcb","repair_detail":"8 Forest Dale Lane","mechanic":"OC","checked_by":"Devondra Gut","status":false,"date":"28.01.2023"},
{"r_num":47,"id":1985,"operator":"Hubert Luckings","oprator_type":"Sales Associate","equipmwnt":"XT","plate_number":1993,"remark":"diners-club-enroute","repair_detail":"1914 Haas Junction","mechanic":"NA","checked_by":"Lib Larman","status":false,"date":"24.02.2023"},
{"r_num":48,"id":2010,"operator":"Bond Arnet","oprator_type":"Nuclear Power Engineer","equipmwnt":"M3","plate_number":1993,"remark":"bankcard","repair_detail":"5401 Ridgeview Court","mechanic":"NA","checked_by":"Bourke Ollie","status":true,"date":"11.11.2022"},
{"r_num":49,"id":2009,"operator":"Trescha Regelous","oprator_type":"Physical Therapy Assistant","equipmwnt":"Savana 1500","plate_number":1993,"remark":"jcb","repair_detail":"2531 Macpherson Lane","mechanic":"OC","checked_by":"Pepi Deary","status":true,"date":"19.08.2023"},
{"r_num":50,"id":1993,"operator":"Blayne Alkins","oprator_type":"Teacher","equipmwnt":"300SD","plate_number":2002,"remark":"jcb","repair_detail":"81296 Pankratz Park","mechanic":"NA","checked_by":"Joshuah Janz","status":false,"date":"06.01.2023"},
{"r_num":51,"id":2008,"operator":"Chelsey Iacomettii","oprator_type":"Senior Quality Engineer","equipmwnt":"Silverado","plate_number":2008,"remark":"jcb","repair_detail":"471 Jackson Circle","mechanic":"NA","checked_by":"Flory Touson","status":true,"date":"09.04.2023"},
{"r_num":52,"id":2007,"operator":"Brandais Feilden","oprator_type":"Administrative Officer","equipmwnt":"Rendezvous","plate_number":2001,"remark":"jcb","repair_detail":"14106 Bowman Drive","mechanic":"OC","checked_by":"Babette Faulkes","status":false,"date":"07.12.2022"},
{"r_num":53,"id":1997,"operator":"Aryn Minchinton","oprator_type":"Software Engineer II","equipmwnt":"Aurora","plate_number":1997,"remark":"jcb","repair_detail":"316 Fuller Way","mechanic":"NA","checked_by":"Margarette Altofts","status":false,"date":"11.02.2023"},
{"r_num":54,"id":2002,"operator":"Babbie Hymus","oprator_type":"Food Chemist","equipmwnt":"S60","plate_number":2007,"remark":"visa","repair_detail":"044 Drewry Trail","mechanic":"EU","checked_by":"Rosco Reinbech","status":false,"date":"09.02.2023"},
{"r_num":55,"id":1994,"operator":"Leandra Lendrem","oprator_type":"Programmer I","equipmwnt":"Mirage","plate_number":2010,"remark":"jcb","repair_detail":"96 Pankratz Plaza","mechanic":"SA","checked_by":"Dyanna Kinglake","status":true,"date":"29.07.2023"},
{"r_num":56,"id":1994,"operator":"Nissie Giannini","oprator_type":"Civil Engineer","equipmwnt":"Achieva","plate_number":1998,"remark":"bankcard","repair_detail":"07 Mallory Terrace","mechanic":"SA","checked_by":"Roi Czajka","status":true,"date":"07.09.2023"},
{"r_num":57,"id":2009,"operator":"Elisabet Murr","oprator_type":"Senior Sales Associate","equipmwnt":"RDX","plate_number":2004,"remark":"mastercard","repair_detail":"36361 Canary Road","mechanic":"NA","checked_by":"Lynea Peers","status":true,"date":"27.07.2023"},
{"r_num":58,"id":1999,"operator":"Rodrigo Nannetti","oprator_type":"Operator","equipmwnt":"Regal","plate_number":1991,"remark":"china-unionpay","repair_detail":"57958 Morning Court","mechanic":"EU","checked_by":"Andreas Arnson","status":true,"date":"15.04.2023"},
{"r_num":59,"id":2009,"operator":"Nessa Banane","oprator_type":"Senior Developer","equipmwnt":"XK","plate_number":1995,"remark":"bankcard","repair_detail":"170 Thierer Park","mechanic":"NA","checked_by":"Lorinda Sallinger","status":true,"date":"26.10.2022"},
{"r_num":60,"id":1998,"operator":"Husein Fipp","oprator_type":"VP Marketing","equipmwnt":"Frontier","plate_number":2009,"remark":"visa-electron","repair_detail":"44874 6th Parkway","mechanic":"AS","checked_by":"Weider Tippell","status":true,"date":"12.04.2023"},
{"r_num":61,"id":1985,"operator":"Derron Villa","oprator_type":"Graphic Designer","equipmwnt":"Fiero","plate_number":2001,"remark":"jcb","repair_detail":"0 Ludington Point","mechanic":"EU","checked_by":"Nickolas Kauble","status":false,"date":"05.05.2023"},
{"r_num":62,"id":1992,"operator":"Seamus Lidgey","oprator_type":"Software Engineer III","equipmwnt":"Colt","plate_number":1990,"remark":"jcb","repair_detail":"0 Forest Circle","mechanic":"OC","checked_by":"Nappie Arboine","status":true,"date":"24.09.2023"},
{"r_num":63,"id":1987,"operator":"Whitaker Bayman","oprator_type":"Payment Adjustment Coordinator","equipmwnt":"Chariot","plate_number":2001,"remark":"maestro","repair_detail":"39601 Kipling Center","mechanic":"AS","checked_by":"Judon Gladwish","status":false,"date":"13.06.2023"},
{"r_num":64,"id":2008,"operator":"Leonore Goosey","oprator_type":"General Manager","equipmwnt":"Lancer","plate_number":1987,"remark":"jcb","repair_detail":"7 Commercial Trail","mechanic":"NA","checked_by":"Beltran O'Leagham","status":true,"date":"31.05.2023"},
{"r_num":65,"id":1987,"operator":"Gayelord MacMarcuis","oprator_type":"Desktop Support Technician","equipmwnt":"Sable","plate_number":2004,"remark":"switch","repair_detail":"579 Clarendon Hill","mechanic":"EU","checked_by":"Normand Krochmann","status":true,"date":"17.06.2023"},
{"r_num":66,"id":1992,"operator":"Ortensia Quibell","oprator_type":"Chemical Engineer","equipmwnt":"Legacy","plate_number":2008,"remark":"jcb","repair_detail":"007 Maryland Crossing","mechanic":"EU","checked_by":"Cherie Addinall","status":true,"date":"12.02.2023"},
{"r_num":67,"id":2009,"operator":"Zacharia Dabes","oprator_type":"Associate Professor","equipmwnt":"Yukon","plate_number":2010,"remark":"china-unionpay","repair_detail":"889 Barnett Pass","mechanic":"NA","checked_by":"Connie Kiera","status":false,"date":"06.10.2022"},
{"r_num":68,"id":1989,"operator":"Angelita Mountjoy","oprator_type":"Quality Control Specialist","equipmwnt":"LTD Crown Victoria","plate_number":1997,"remark":"mastercard","repair_detail":"910 1st Junction","mechanic":"EU","checked_by":"Cherilyn Roakes","status":false,"date":"14.12.2022"},
{"r_num":69,"id":2002,"operator":"Hulda Evensden","oprator_type":"Social Worker","equipmwnt":"Silverado","plate_number":2012,"remark":"visa-electron","repair_detail":"5 Blue Bill Park Trail","mechanic":"AF","checked_by":"Curcio Waything","status":true,"date":"19.07.2023"},
{"r_num":70,"id":2003,"operator":"Kate Nelle","oprator_type":"Senior Developer","equipmwnt":"Matrix","plate_number":1998,"remark":"jcb","repair_detail":"06354 John Wall Drive","mechanic":"SA","checked_by":"Emerson Nuttey","status":false,"date":"19.11.2022"},
{"r_num":71,"id":2007,"operator":"Cord Curd","oprator_type":"Web Designer III","equipmwnt":"C70","plate_number":1989,"remark":"jcb","repair_detail":"8843 Cherokee Parkway","mechanic":"AF","checked_by":"Heddie McCulley","status":true,"date":"03.11.2022"},
{"r_num":72,"id":1992,"operator":"Allister Bromley","oprator_type":"Software Engineer I","equipmwnt":"968","plate_number":2003,"remark":"mastercard","repair_detail":"2826 Bellgrove Place","mechanic":"SA","checked_by":"Edlin McDowell","status":false,"date":"08.12.2022"},
{"r_num":73,"id":2005,"operator":"Rowena Ferrarin","oprator_type":"Senior Editor","equipmwnt":"Accent","plate_number":1987,"remark":"jcb","repair_detail":"881 Calypso Lane","mechanic":"NA","checked_by":"Nance Braidwood","status":false,"date":"10.04.2023"},
{"r_num":74,"id":2007,"operator":"Winnah Divill","oprator_type":"Research Associate","equipmwnt":"Suburban 1500","plate_number":1994,"remark":"jcb","repair_detail":"385 Butternut Lane","mechanic":"NA","checked_by":"Neall MacGilpatrick","status":false,"date":"24.06.2023"},
{"r_num":75,"id":2002,"operator":"Vail Thyer","oprator_type":"Assistant Professor","equipmwnt":"S-Class","plate_number":2007,"remark":"maestro","repair_detail":"9338 Springview Plaza","mechanic":"AS","checked_by":"Karry Sheards","status":false,"date":"29.01.2023"},
{"r_num":76,"id":2001,"operator":"Dawn Lebel","oprator_type":"Product Engineer","equipmwnt":"Tacoma Xtra","plate_number":1993,"remark":"jcb","repair_detail":"1 Grasskamp Lane","mechanic":"AF","checked_by":"Antoine De Freyne","status":false,"date":"19.04.2023"},
{"r_num":77,"id":2004,"operator":"Wrennie Lindhe","oprator_type":"Systems Administrator IV","equipmwnt":"Envoy XL","plate_number":1997,"remark":"laser","repair_detail":"48 Melrose Plaza","mechanic":"SA","checked_by":"Cammy Weatherell","status":true,"date":"02.11.2022"},
{"r_num":78,"id":2013,"operator":"Florrie Kail","oprator_type":"Software Engineer IV","equipmwnt":"Malibu","plate_number":1992,"remark":"switch","repair_detail":"6 Messerschmidt Trail","mechanic":"AS","checked_by":"Idell Rosenbloom","status":true,"date":"19.01.2023"},
{"r_num":79,"id":2009,"operator":"Marlane Crathorne","oprator_type":"Developer I","equipmwnt":"Azera","plate_number":1994,"remark":"jcb","repair_detail":"0 Anderson Point","mechanic":"AS","checked_by":"Gwenny Dono","status":true,"date":"24.12.2022"},
{"r_num":80,"id":2000,"operator":"Malchy Vossgen","oprator_type":"Help Desk Operator","equipmwnt":"GTI","plate_number":2004,"remark":"jcb","repair_detail":"5041 Annamark Trail","mechanic":"NA","checked_by":"Laurianne Signori","status":false,"date":"03.04.2023"},
{"r_num":81,"id":2009,"operator":"Amy Stocking","oprator_type":"Assistant Manager","equipmwnt":"9-7X","plate_number":1994,"remark":"laser","repair_detail":"3858 Glendale Park","mechanic":"NA","checked_by":"Sonnie Keepence","status":false,"date":"05.08.2023"},
{"r_num":82,"id":2008,"operator":"Delmar Gianinotti","oprator_type":"Account Coordinator","equipmwnt":"MKX","plate_number":1989,"remark":"jcb","repair_detail":"242 Nelson Terrace","mechanic":"NA","checked_by":"Maddalena Ubsdall","status":false,"date":"02.03.2023"},
{"r_num":83,"id":2003,"operator":"Herbie Macbeth","oprator_type":"Information Systems Manager","equipmwnt":"Lancer Evolution","plate_number":1990,"remark":"jcb","repair_detail":"21 Artisan Drive","mechanic":"NA","checked_by":"Dita Camis","status":true,"date":"14.04.2023"},
{"r_num":84,"id":1987,"operator":"Sol Joontjes","oprator_type":"Web Designer I","equipmwnt":"LeSabre","plate_number":2010,"remark":"jcb","repair_detail":"314 Lakewood Gardens Junction","mechanic":"NA","checked_by":"Lilias Templman","status":true,"date":"27.02.2023"},
{"r_num":85,"id":1999,"operator":"Mireille Bartalucci","oprator_type":"Web Developer III","equipmwnt":"9-3","plate_number":2001,"remark":"china-unionpay","repair_detail":"7953 Pankratz Terrace","mechanic":"NA","checked_by":"Mayer MacKinnon","status":true,"date":"14.06.2023"},
{"r_num":86,"id":1988,"operator":"Charline Crenage","oprator_type":"Community Outreach Specialist","equipmwnt":"Tredia","plate_number":2012,"remark":"jcb","repair_detail":"7 Anthes Pass","mechanic":"NA","checked_by":"Ceil Cottu","status":false,"date":"12.10.2022"},
{"r_num":87,"id":1991,"operator":"Leda Samuel","oprator_type":"Chemical Engineer","equipmwnt":"Ranger","plate_number":2012,"remark":"bankcard","repair_detail":"14 Melby Lane","mechanic":"OC","checked_by":"Lilas Emanson","status":true,"date":"06.03.2023"},
{"r_num":88,"id":1999,"operator":"Chris Durnford","oprator_type":"Teacher","equipmwnt":"A4","plate_number":2005,"remark":"maestro","repair_detail":"090 Sutherland Hill","mechanic":"OC","checked_by":"Guillaume Lingard","status":false,"date":"18.02.2023"},
{"r_num":89,"id":1988,"operator":"Paco Fitchew","oprator_type":"Marketing Manager","equipmwnt":"EXP","plate_number":1984,"remark":"instapayment","repair_detail":"2379 Maple Wood Park","mechanic":"EU","checked_by":"Seana Bartalucci","status":true,"date":"10.04.2023"},
{"r_num":90,"id":2005,"operator":"Roosevelt Melbourne","oprator_type":"Clinical Specialist","equipmwnt":"Town Car","plate_number":2009,"remark":"china-unionpay","repair_detail":"95519 Gina Trail","mechanic":"OC","checked_by":"Livvyy Medland","status":false,"date":"21.05.2023"},
{"r_num":91,"id":1996,"operator":"Eartha Budcock","oprator_type":"Recruiter","equipmwnt":"960","plate_number":2007,"remark":"jcb","repair_detail":"6 Summit Trail","mechanic":"OC","checked_by":"Gretchen Searles","status":false,"date":"18.05.2023"},
{"r_num":92,"id":1994,"operator":"Evey O'Scanlon","oprator_type":"Administrative Officer","equipmwnt":"Park Avenue","plate_number":2005,"remark":"laser","repair_detail":"8769 Hooker Crossing","mechanic":"AF","checked_by":"Monty Templeton","status":false,"date":"25.09.2023"},
{"r_num":93,"id":1992,"operator":"Joelie Steadman","oprator_type":"Nurse","equipmwnt":"Imperial","plate_number":1989,"remark":"americanexpress","repair_detail":"85424 Judy Circle","mechanic":"AS","checked_by":"Gwyneth Yepiskov","status":true,"date":"25.05.2023"},
{"r_num":94,"id":2001,"operator":"Sharlene Milton","oprator_type":"Systems Administrator IV","equipmwnt":"X5","plate_number":1984,"remark":"visa-electron","repair_detail":"49442 Gateway Street","mechanic":"AF","checked_by":"Stern Minchindon","status":false,"date":"24.03.2023"},
{"r_num":95,"id":1993,"operator":"Glenn Soutar","oprator_type":"Graphic Designer","equipmwnt":"Integra","plate_number":1993,"remark":"jcb","repair_detail":"3171 Artisan Lane","mechanic":"OC","checked_by":"Martyn Stavers","status":false,"date":"11.04.2023"},
{"r_num":96,"id":1997,"operator":"Ernaline Watling","oprator_type":"Engineer I","equipmwnt":"Oasis","plate_number":1995,"remark":"bankcard","repair_detail":"1361 Hooker Plaza","mechanic":"EU","checked_by":"Toby Stoneham","status":true,"date":"15.05.2023"},
{"r_num":97,"id":1993,"operator":"Arte Damarell","oprator_type":"Operator","equipmwnt":"Viper","plate_number":1976,"remark":"diners-club-carte-blanche","repair_detail":"44193 Surrey Park","mechanic":"NA","checked_by":"Bent Quirke","status":false,"date":"21.05.2023"},
{"r_num":98,"id":1992,"operator":"Kelvin Meas","oprator_type":"Community Outreach Specialist","equipmwnt":"riolet","plate_number":2004,"remark":"maestro","repair_detail":"02 Sommers Parkway","mechanic":"NA","checked_by":"Emmalee Leppingwell","status":true,"date":"11.11.2022"},
{"r_num":99,"id":1992,"operator":"Osbourne Alyukin","oprator_type":"Help Desk Technician","equipmwnt":"Xtra","plate_number":1998,"remark":"jcb","repair_detail":"7943 Hagan Junction","mechanic":"NA","checked_by":"Bentley Iacovucci","status":false,"date":"04.06.2023"},
{"r_num":100,"id":2012,"operator":"Davin Garnar","oprator_type":"Help Desk Technician","equipmwnt":"Charger","plate_number":2008,"remark":"jcb","repair_detail":"6824 Banding Hill","mechanic":"OC","checked_by":"Jamill McKeighan","status":false,"date":"27.02.2023"},
{"r_num":101,"id":2006,"operator":"Barton Hakey","oprator_type":"Quality Engineer","equipmwnt":"Jetta","plate_number":2009,"remark":"china-unionpay","repair_detail":"3 Spaight Point","mechanic":"AS","checked_by":"Bearnard Parrott","status":false,"date":"22.11.2022"},
{"r_num":102,"id":2001,"operator":"Rufe McGillacoell","oprator_type":"Programmer Analyst I","equipmwnt":"Yukon XL 1500","plate_number":1988,"remark":"jcb","repair_detail":"923 Sundown Trail","mechanic":"AS","checked_by":"Amos Houseley","status":true,"date":"17.03.2023"},
{"r_num":103,"id":2004,"operator":"Rickert Fassman","oprator_type":"Accountant IV","equipmwnt":"Sentra","plate_number":1995,"remark":"bankcard","repair_detail":"3 Talmadge Parkway","mechanic":"AS","checked_by":"Emilee Nasi","status":false,"date":"04.03.2023"},
{"r_num":104,"id":1996,"operator":"Quentin Constantinou","oprator_type":"Systems Administrator III","equipmwnt":"Grand Am","plate_number":1997,"remark":"bankcard","repair_detail":"7920 Dapin Lane","mechanic":"AS","checked_by":"Roxy Shaddock","status":false,"date":"05.11.2022"},
{"r_num":105,"id":1995,"operator":"Ruthanne Frances","oprator_type":"Accounting Assistant II","equipmwnt":"Camaro","plate_number":2010,"remark":"jcb","repair_detail":"6 Bowman Drive","mechanic":"NA","checked_by":"Rosmunda Heyball","status":false,"date":"14.06.2023"},
{"r_num":106,"id":2011,"operator":"Buiron Shadrack","oprator_type":"Chief Design Engineer","equipmwnt":"Elantra","plate_number":1999,"remark":"jcb","repair_detail":"04 Hudson Avenue","mechanic":"AS","checked_by":"Arch Eastmead","status":true,"date":"09.07.2023"},
{"r_num":107,"id":1956,"operator":"Elspeth Horsburgh","oprator_type":"Payment Adjustment Coordinator","equipmwnt":"Corvette","plate_number":2007,"remark":"jcb","repair_detail":"64 Dakota Road","mechanic":"AF","checked_by":"Brett Kenewel","status":false,"date":"17.01.2023"},
{"r_num":108,"id":1989,"operator":"Tristam Auchterlonie","oprator_type":"Health Coach II","equipmwnt":"Cougar","plate_number":1988,"remark":"jcb","repair_detail":"8 Delaware Court","mechanic":"NA","checked_by":"Sharity Bess","status":true,"date":"15.08.2023"},
{"r_num":109,"id":2010,"operator":"Howey Bloomfield","oprator_type":"GIS Technical Architect","equipmwnt":"Continental Super","plate_number":2009,"remark":"diners-club-us-ca","repair_detail":"3 Mifflin Point","mechanic":"AF","checked_by":"Oralia Hymor","status":false,"date":"19.03.2023"},
{"r_num":110,"id":1991,"operator":"Kim Craufurd","oprator_type":"Nurse Practicioner","equipmwnt":"Mirage","plate_number":2001,"remark":"maestro","repair_detail":"54 Maryland Pass","mechanic":"EU","checked_by":"Modesta Alanbrooke","status":false,"date":"27.05.2023"},
{"r_num":111,"id":1987,"operator":"Selby Ryan","oprator_type":"Help Desk Operator","equipmwnt":"GTI","plate_number":2003,"remark":"china-unionpay","repair_detail":"9 Golf Course Center","mechanic":"NA","checked_by":"Jennifer Koopman","status":false,"date":"11.12.2022"},
{"r_num":112,"id":1999,"operator":"Margery Moth","oprator_type":"Media Manager IV","equipmwnt":"Pajero","plate_number":2007,"remark":"jcb","repair_detail":"1017 Fairview Junction","mechanic":"SA","checked_by":"Maible Crowhurst","status":false,"date":"12.05.2023"},
{"r_num":113,"id":2004,"operator":"Florence Kleinpeltz","oprator_type":"Senior Sales Associate","equipmwnt":"325","plate_number":1983,"remark":"americanexpress","repair_detail":"8822 Prairie Rose Junction","mechanic":"NA","checked_by":"Arv Kyles","status":true,"date":"04.12.2022"},
{"r_num":114,"id":1984,"operator":"Frannie Gobell","oprator_type":"Administrative Assistant I","equipmwnt":"Continental","plate_number":2010,"remark":"jcb","repair_detail":"60 Anthes Pass","mechanic":"NA","checked_by":"Donelle Wiltshier","status":false,"date":"18.06.2023"},
{"r_num":115,"id":2011,"operator":"Danette Athy","oprator_type":"Legal Assistant","equipmwnt":"TSX","plate_number":1998,"remark":"jcb","repair_detail":"2657 Fairfield Pass","mechanic":"NA","checked_by":"Barrie Amiranda","status":true,"date":"10.07.2023"},
{"r_num":116,"id":2002,"operator":"Bevin Coolican","oprator_type":"Analyst Programmer","equipmwnt":"Ram Van 3500","plate_number":2009,"remark":"visa","repair_detail":"6952 Redwing Terrace","mechanic":"NA","checked_by":"Zuzana Jacquet","status":true,"date":"18.07.2023"},
{"r_num":117,"id":2004,"operator":"Carmina Straker","oprator_type":"Editor","equipmwnt":"F350","plate_number":2010,"remark":"jcb","repair_detail":"52 Saint Paul Plaza","mechanic":"AF","checked_by":"Aretha Thackwray","status":true,"date":"01.03.2023"},
{"r_num":118,"id":1997,"operator":"Marcelo Windmill","oprator_type":"Systems Administrator III","equipmwnt":"riolet","plate_number":1993,"remark":"mastercard","repair_detail":"8744 Barnett Park","mechanic":"SA","checked_by":"Winthrop Skate","status":true,"date":"12.09.2023"},
{"r_num":119,"id":2010,"operator":"Elianore Woodman","oprator_type":"Developer I","equipmwnt":"Cayenne","plate_number":1995,"remark":"maestro","repair_detail":"8385 Bartillon Way","mechanic":"SA","checked_by":"Delia Veschambre","status":true,"date":"30.10.2022"},
{"r_num":120,"id":2006,"operator":"Agnola Maddick","oprator_type":"Media Manager I","equipmwnt":"Explorer Sport Trac","plate_number":1993,"remark":"maestro","repair_detail":"9490 Macpherson Junction","mechanic":"AF","checked_by":"Julina Echallie","status":false,"date":"04.12.2022"},
{"r_num":121,"id":1987,"operator":"Gail McOmish","oprator_type":"Staff Scientist","equipmwnt":"Riviera","plate_number":1986,"remark":"jcb","repair_detail":"557 Debs Drive","mechanic":"NA","checked_by":"Beverly Oliphant","status":true,"date":"27.06.2023"},
{"r_num":122,"id":2005,"operator":"Corey Kaesmakers","oprator_type":"Social Worker","equipmwnt":"Discovery","plate_number":1994,"remark":"switch","repair_detail":"359 Dottie Parkway","mechanic":"NA","checked_by":"Marleah Scones","status":true,"date":"18.07.2023"},
{"r_num":123,"id":1995,"operator":"Goldy Kondratovich","oprator_type":"Staff Accountant II","equipmwnt":"Seville","plate_number":2001,"remark":"instapayment","repair_detail":"7905 Chive Circle","mechanic":"NA","checked_by":"Esme Badini","status":true,"date":"20.07.2023"},
{"r_num":124,"id":2004,"operator":"Dee Soans","oprator_type":"Systems Administrator IV","equipmwnt":"Optima","plate_number":2007,"remark":"jcb","repair_detail":"4 Oriole Park","mechanic":"SA","checked_by":"Georgy Alves","status":true,"date":"27.12.2022"},
{"r_num":125,"id":1994,"operator":"Noelle Reina","oprator_type":"Recruiter","equipmwnt":"Town Car","plate_number":2000,"remark":"jcb","repair_detail":"8 Blackbird Junction","mechanic":"OC","checked_by":"Joella Clavey","status":true,"date":"24.10.2022"},
{"r_num":126,"id":2006,"operator":"Roze Ritch","oprator_type":"Geologist III","equipmwnt":"HHR","plate_number":2002,"remark":"americanexpress","repair_detail":"08767 Moland Circle","mechanic":"NA","checked_by":"Camille Caudwell","status":false,"date":"12.09.2023"},
{"r_num":127,"id":1984,"operator":"Siegfried O'Rafferty","oprator_type":"Project Manager","equipmwnt":"Firefly","plate_number":1993,"remark":"americanexpress","repair_detail":"58886 Lerdahl Park","mechanic":"AS","checked_by":"Shea Habergham","status":false,"date":"31.10.2022"},
{"r_num":128,"id":2001,"operator":"Hendrika Pinhorn","oprator_type":"Analog Circuit Design manager","equipmwnt":"Silverado 1500","plate_number":1998,"remark":"laser","repair_detail":"865 American Place","mechanic":"AF","checked_by":"Bern Parkhouse","status":true,"date":"10.04.2023"},
{"r_num":129,"id":2008,"operator":"Shela Bertlin","oprator_type":"Account Coordinator","equipmwnt":"Corvette","plate_number":2005,"remark":"jcb","repair_detail":"138 Helena Plaza","mechanic":"AS","checked_by":"Demetre Juppe","status":true,"date":"08.04.2023"},
{"r_num":130,"id":2005,"operator":"Fowler Koppel","oprator_type":"Human Resources Assistant III","equipmwnt":"Echo","plate_number":1994,"remark":"bankcard","repair_detail":"4 Knutson Junction","mechanic":"OC","checked_by":"Coral Bogie","status":true,"date":"25.06.2023"},
{"r_num":131,"id":2010,"operator":"Salomone Cousen","oprator_type":"Senior Developer","equipmwnt":"Cooper","plate_number":2002,"remark":"maestro","repair_detail":"6360 Harbort Place","mechanic":"AS","checked_by":"Enrichetta Riddington","status":true,"date":"19.09.2023"},
{"r_num":132,"id":1994,"operator":"Alverta Sabbins","oprator_type":"Paralegal","equipmwnt":"Jetta III","plate_number":1995,"remark":"jcb","repair_detail":"937 6th Alley","mechanic":"NA","checked_by":"Costanza Reitenbach","status":true,"date":"16.05.2023"},
{"r_num":133,"id":2005,"operator":"Guntar Cadogan","oprator_type":"Geologist I","equipmwnt":"Verona","plate_number":2013,"remark":"jcb","repair_detail":"0954 Summerview Center","mechanic":"AF","checked_by":"Chad Cullrford","status":false,"date":"12.02.2023"},
{"r_num":134,"id":1998,"operator":"Amata Westmore","oprator_type":"Media Manager III","equipmwnt":"Legacy","plate_number":2007,"remark":"jcb","repair_detail":"72826 Banding Trail","mechanic":"NA","checked_by":"Karlee Ellul","status":false,"date":"29.01.2023"},
{"r_num":135,"id":2010,"operator":"Daphne Zavittieri","oprator_type":"Technical Writer","equipmwnt":"SX4","plate_number":2012,"remark":"jcb","repair_detail":"827 Kropf Street","mechanic":"AS","checked_by":"Barbey Isaac","status":true,"date":"01.11.2022"},
{"r_num":136,"id":1985,"operator":"Rayner Siss","oprator_type":"Senior Developer","equipmwnt":"Grand Am","plate_number":1990,"remark":"laser","repair_detail":"41 Paget Trail","mechanic":"NA","checked_by":"Randal Pacquet","status":false,"date":"25.09.2023"},
{"r_num":137,"id":2003,"operator":"Lucas Belderson","oprator_type":"Account Coordinator","equipmwnt":"Avalanche 2500","plate_number":1997,"remark":"jcb","repair_detail":"8118 High Crossing Drive","mechanic":"NA","checked_by":"Dulci Muzzollo","status":false,"date":"07.09.2023"},
{"r_num":138,"id":2004,"operator":"Abigail Ollis","oprator_type":"Graphic Designer","equipmwnt":"Colorado","plate_number":2005,"remark":"laser","repair_detail":"12 Warner Court","mechanic":"NA","checked_by":"Dierdre Budgey","status":false,"date":"31.08.2023"},
{"r_num":139,"id":2010,"operator":"Gweneth Pontefract","oprator_type":"Executive Secretary","equipmwnt":"Legacy","plate_number":2010,"remark":"laser","repair_detail":"19121 Independence Drive","mechanic":"NA","checked_by":"Cleopatra Bannester","status":false,"date":"03.07.2023"},
{"r_num":140,"id":1992,"operator":"Ulric McCaughren","oprator_type":"Analog Circuit Design manager","equipmwnt":"M5","plate_number":1990,"remark":"diners-club-carte-blanche","repair_detail":"92 Westend Plaza","mechanic":"NA","checked_by":"Fabien Schleswig-Holstein","status":false,"date":"30.12.2022"},
{"r_num":141,"id":1983,"operator":"Quinlan Castangia","oprator_type":"Human Resources Manager","equipmwnt":"RX-7","plate_number":1988,"remark":"jcb","repair_detail":"29 Dovetail Junction","mechanic":"AS","checked_by":"Phil Joiris","status":true,"date":"02.07.2023"},
{"r_num":142,"id":2009,"operator":"Fernande Binding","oprator_type":"Professor","equipmwnt":"Milan","plate_number":1997,"remark":"bankcard","repair_detail":"146 Buhler Park","mechanic":"NA","checked_by":"Garwood Ciani","status":true,"date":"03.06.2023"},
{"r_num":143,"id":1989,"operator":"Zak Colqueran","oprator_type":"Project Manager","equipmwnt":"Karif","plate_number":1994,"remark":"china-unionpay","repair_detail":"3 Lillian Junction","mechanic":"EU","checked_by":"Malachi Thornham","status":false,"date":"17.10.2022"},
{"r_num":144,"id":1996,"operator":"Shalne Farriar","oprator_type":"Sales Representative","equipmwnt":"Tahoe","plate_number":2005,"remark":"mastercard","repair_detail":"683 Killdeer Place","mechanic":"AF","checked_by":"Kingsly Plumstead","status":false,"date":"29.11.2022"},
{"r_num":145,"id":2007,"operator":"Hertha McLennan","oprator_type":"VP Quality Control","equipmwnt":"Spectra","plate_number":2009,"remark":"jcb","repair_detail":"86 5th Terrace","mechanic":"SA","checked_by":"Dunn Petera","status":true,"date":"03.01.2023"},
{"r_num":146,"id":1992,"operator":"Lindy Mayow","oprator_type":"Business Systems Development Analyst","equipmwnt":"NX","plate_number":2000,"remark":"jcb","repair_detail":"02371 Shoshone Hill","mechanic":"AS","checked_by":"Waylan Omar","status":false,"date":"27.12.2022"},
{"r_num":147,"id":2005,"operator":"Dulcia Roughsedge","oprator_type":"Help Desk Operator","equipmwnt":"Cayenne","plate_number":1993,"remark":"jcb","repair_detail":"5129 Kedzie Terrace","mechanic":"AF","checked_by":"Perla Sutworth","status":true,"date":"15.05.2023"},
{"r_num":148,"id":1984,"operator":"Lilia Mallen","oprator_type":"Tax Accountant","equipmwnt":"Parisienne","plate_number":1993,"remark":"visa-electron","repair_detail":"062 Riverside Court","mechanic":"SA","checked_by":"Friedrich Nowakowska","status":false,"date":"14.01.2023"},
{"r_num":149,"id":2004,"operator":"Daniela Warrack","oprator_type":"General Manager","equipmwnt":"Monaro","plate_number":2005,"remark":"switch","repair_detail":"550 Mayer Alley","mechanic":"AF","checked_by":"Nata Valentine","status":true,"date":"24.12.2022"},
{"r_num":150,"id":1994,"operator":"Spencer Antao","oprator_type":"Nurse Practicioner","equipmwnt":"626","plate_number":2009,"remark":"diners-club-enroute","repair_detail":"526 Columbus Hill","mechanic":"AS","checked_by":"Lorna McKimmey","status":true,"date":"02.06.2023"},
{"r_num":151,"id":2012,"operator":"Anett Pollastro","oprator_type":"Recruiter","equipmwnt":"RL","plate_number":1990,"remark":"mastercard","repair_detail":"48 Holmberg Court","mechanic":"AF","checked_by":"Ulrika Goldby","status":false,"date":"20.07.2023"},
{"r_num":152,"id":1996,"operator":"Cloe Smorthwaite","oprator_type":"Assistant Manager","equipmwnt":"Odyssey","plate_number":1996,"remark":"jcb","repair_detail":"4 Glendale Crossing","mechanic":"SA","checked_by":"Junia Packe","status":false,"date":"12.07.2023"},
{"r_num":153,"id":2006,"operator":"Jenny Mateos","oprator_type":"Teacher","equipmwnt":"E-Class","plate_number":2011,"remark":"mastercard","repair_detail":"8 Northland Circle","mechanic":"NA","checked_by":"Olimpia Corten","status":false,"date":"23.11.2022"},
{"r_num":154,"id":1998,"operator":"Kary Puvia","oprator_type":"Senior Cost Accountant","equipmwnt":"Econoline E150","plate_number":2004,"remark":"mastercard","repair_detail":"0 Scofield Drive","mechanic":"OC","checked_by":"Shelden Lamprey","status":false,"date":"25.11.2022"},
{"r_num":155,"id":2012,"operator":"Zebedee Chisholm","oprator_type":"Marketing Assistant","equipmwnt":"X6 M","plate_number":2006,"remark":"jcb","repair_detail":"6089 Fair Oaks Park","mechanic":"NA","checked_by":"Gilberte Hadleigh","status":true,"date":"04.01.2023"},
{"r_num":156,"id":1999,"operator":"Babbie Coners","oprator_type":"Dental Hygienist","equipmwnt":"Ram 2500","plate_number":2011,"remark":"mastercard","repair_detail":"40320 Portage Hill","mechanic":"AS","checked_by":"Dania Cosyns","status":false,"date":"11.03.2023"},
{"r_num":157,"id":2001,"operator":"Binnie McWhirter","oprator_type":"Administrative Officer","equipmwnt":"Focus","plate_number":2000,"remark":"visa-electron","repair_detail":"9 Vermont Plaza","mechanic":"NA","checked_by":"Gordie Wardlaw","status":true,"date":"12.08.2023"},
{"r_num":158,"id":2002,"operator":"Luci Woodroofe","oprator_type":"Payment Adjustment Coordinator","equipmwnt":"7 Series","plate_number":2004,"remark":"jcb","repair_detail":"02 Bowman Parkway","mechanic":"NA","checked_by":"Marie-ann Zorzutti","status":false,"date":"22.04.2023"},
{"r_num":159,"id":1989,"operator":"Caprice Johnke","oprator_type":"Assistant Manager","equipmwnt":"Swift","plate_number":1993,"remark":"diners-club-enroute","repair_detail":"5650 Goodland Point","mechanic":"OC","checked_by":"Frannie Harriskine","status":false,"date":"29.09.2022"},
{"r_num":160,"id":2006,"operator":"Axe Brechin","oprator_type":"Dental Hygienist","equipmwnt":"Land Cruiser","plate_number":1997,"remark":"visa","repair_detail":"2640 Oak Valley Avenue","mechanic":"NA","checked_by":"Maurie Sircombe","status":true,"date":"17.05.2023"},
{"r_num":161,"id":2003,"operator":"Kylynn Timperley","oprator_type":"Environmental Specialist","equipmwnt":"LS","plate_number":2007,"remark":"switch","repair_detail":"83 Fairfield Terrace","mechanic":"NA","checked_by":"Greer Somner","status":false,"date":"28.04.2023"},
{"r_num":162,"id":1992,"operator":"Kennith Stiegars","oprator_type":"Payment Adjustment Coordinator","equipmwnt":"Festiva","plate_number":2012,"remark":"jcb","repair_detail":"105 Macpherson Place","mechanic":"OC","checked_by":"Erena Basezzi","status":false,"date":"15.08.2023"},
{"r_num":163,"id":1998,"operator":"Rickie Godden","oprator_type":"Web Designer III","equipmwnt":"rio","plate_number":1995,"remark":"jcb","repair_detail":"2546 Dexter Way","mechanic":"AS","checked_by":"Lowell Plume","status":true,"date":"17.07.2023"},
{"r_num":164,"id":2008,"operator":"Avis Sherrum","oprator_type":"Sales Representative","equipmwnt":"Optima","plate_number":2013,"remark":"diners-club-us-ca","repair_detail":"694 Sunnyside Crossing","mechanic":"AS","checked_by":"Alane Lessmare","status":true,"date":"19.07.2023"},
{"r_num":165,"id":1994,"operator":"Collette Goffe","oprator_type":"Statistician III","equipmwnt":"Trooper","plate_number":1996,"remark":"jcb","repair_detail":"773 Russell Road","mechanic":"SA","checked_by":"Yasmin Beentjes","status":true,"date":"27.03.2023"},
{"r_num":166,"id":2001,"operator":"Joshia Kinnen","oprator_type":"Senior Developer","equipmwnt":"Explorer Sport Trac","plate_number":2007,"remark":"jcb","repair_detail":"9543 Arkansas Drive","mechanic":"OC","checked_by":"Harald Hirsch","status":true,"date":"10.05.2023"},
{"r_num":167,"id":2002,"operator":"Roberta Lynagh","oprator_type":"Sales Representative","equipmwnt":"Sonoma","plate_number":2010,"remark":"jcb","repair_detail":"69798 Texas Junction","mechanic":"OC","checked_by":"Sascha Loins","status":false,"date":"13.05.2023"},
{"r_num":168,"id":2011,"operator":"Guthrey Megainey","oprator_type":"Accounting Assistant III","equipmwnt":"CT","plate_number":1995,"remark":"jcb","repair_detail":"7823 Esch Junction","mechanic":"NA","checked_by":"Debbi Gonthier","status":false,"date":"15.10.2022"},
{"r_num":169,"id":1996,"operator":"Kelli Bernardotti","oprator_type":"Structural Analysis Engineer","equipmwnt":"2500","plate_number":1999,"remark":"jcb","repair_detail":"88765 Montana Road","mechanic":"NA","checked_by":"Madelina Vanner","status":false,"date":"22.07.2023"},
{"r_num":170,"id":1991,"operator":"Lutero Firsby","oprator_type":"Media Manager IV","equipmwnt":"Bronco","plate_number":2003,"remark":"jcb","repair_detail":"8 Village Way","mechanic":"OC","checked_by":"Sande Marchand","status":true,"date":"27.11.2022"},
{"r_num":171,"id":1997,"operator":"Frasco Parkyn","oprator_type":"Financial Advisor","equipmwnt":"Ram Van 1500","plate_number":2005,"remark":"visa-electron","repair_detail":"46156 Manufacturers Hill","mechanic":"NA","checked_by":"Mabel Beesey","status":true,"date":"14.05.2023"},
{"r_num":172,"id":2010,"operator":"Othilia Loyndon","oprator_type":"Desktop Support Technician","equipmwnt":"Sebring","plate_number":2007,"remark":"jcb","repair_detail":"80 East Road","mechanic":"AF","checked_by":"Leanora Dye","status":true,"date":"27.10.2022"},
{"r_num":173,"id":2006,"operator":"Fee Barnewille","oprator_type":"Cost Accountant","equipmwnt":"Stratus","plate_number":1986,"remark":"jcb","repair_detail":"3 Anhalt Parkway","mechanic":"NA","checked_by":"Sandye Kull","status":true,"date":"19.08.2023"},
{"r_num":174,"id":2002,"operator":"Carmine Jeavons","oprator_type":"Budget/Accounting Analyst I","equipmwnt":"525","plate_number":1992,"remark":"jcb","repair_detail":"51196 Redwing Street","mechanic":"NA","checked_by":"Rolph Portt","status":false,"date":"01.02.2023"},
{"r_num":175,"id":1988,"operator":"Ronny Leavry","oprator_type":"Desktop Support Technician","equipmwnt":"Bronco II","plate_number":1992,"remark":"maestro","repair_detail":"63 Toban Circle","mechanic":"AF","checked_by":"Shaylynn Pau","status":true,"date":"13.06.2023"},
{"r_num":176,"id":2011,"operator":"Blair Cardoso","oprator_type":"Teacher","equipmwnt":"ES","plate_number":2006,"remark":"maestro","repair_detail":"74504 Sundown Crossing","mechanic":"NA","checked_by":"Rubina Paolucci","status":true,"date":"18.04.2023"},
{"r_num":177,"id":1974,"operator":"Adaline Ride","oprator_type":"Web Designer IV","equipmwnt":"Camaro","plate_number":2001,"remark":"mastercard","repair_detail":"3371 Dakota Place","mechanic":"EU","checked_by":"Dorie Illston","status":false,"date":"13.06.2023"},
{"r_num":178,"id":2004,"operator":"Nicola Platt","oprator_type":"Cost Accountant","equipmwnt":"760","plate_number":2001,"remark":"laser","repair_detail":"1 Kim Circle","mechanic":"SA","checked_by":"Marie-jeanne Aleksic","status":true,"date":"22.07.2023"},
{"r_num":179,"id":2009,"operator":"Levi Cham","oprator_type":"Biostatistician IV","equipmwnt":"Mazda3","plate_number":1985,"remark":"visa-electron","repair_detail":"728 Ruskin Point","mechanic":"NA","checked_by":"Kaylil Dearan","status":true,"date":"08.07.2023"},
{"r_num":180,"id":1985,"operator":"Cristiano Flounders","oprator_type":"Administrative Officer","equipmwnt":"SJ","plate_number":1998,"remark":"jcb","repair_detail":"1820 Evergreen Street","mechanic":"SA","checked_by":"Bamby McAlees","status":true,"date":"01.01.2023"},
{"r_num":181,"id":1964,"operator":"Mei Bodd","oprator_type":"Editor","equipmwnt":"GTO","plate_number":1987,"remark":"jcb","repair_detail":"432 Spaight Trail","mechanic":"NA","checked_by":"Franciskus Poundford","status":false,"date":"15.07.2023"},
{"r_num":182,"id":2004,"operator":"Winnie Twiggs","oprator_type":"Environmental Tech","equipmwnt":"Golf","plate_number":1999,"remark":"switch","repair_detail":"796 Caliangt Parkway","mechanic":"NA","checked_by":"Bambie Jent","status":true,"date":"11.03.2023"},
{"r_num":183,"id":2001,"operator":"Berne Halward","oprator_type":"Business Systems Development Analyst","equipmwnt":"Suburban 1500","plate_number":2011,"remark":"jcb","repair_detail":"83 Buell Drive","mechanic":"NA","checked_by":"Jayson Dieton","status":true,"date":"14.03.2023"},
{"r_num":184,"id":2005,"operator":"Chandal Wraggs","oprator_type":"Financial Analyst","equipmwnt":"Grand Caravan","plate_number":2011,"remark":"jcb","repair_detail":"720 Kinsman Avenue","mechanic":"AF","checked_by":"Smith Nevitt","status":true,"date":"01.11.2022"},
{"r_num":185,"id":2002,"operator":"Kalina Orsman","oprator_type":"Technical Writer","equipmwnt":"Silverado 1500","plate_number":1993,"remark":"jcb","repair_detail":"205 Lighthouse Bay Way","mechanic":"AS","checked_by":"Rosabel Balke","status":true,"date":"01.11.2022"},
{"r_num":186,"id":2009,"operator":"Vivian Nel","oprator_type":"Information Systems Manager","equipmwnt":"Ranger","plate_number":1994,"remark":"diners-club-carte-blanche","repair_detail":"709 Caliangt Circle","mechanic":"NA","checked_by":"Rahal Tubb","status":true,"date":"13.11.2022"},
{"r_num":187,"id":2002,"operator":"Lucille Struthers","oprator_type":"Quality Engineer","equipmwnt":"M-Class","plate_number":1989,"remark":"visa","repair_detail":"65980 Evergreen Hill","mechanic":"AS","checked_by":"Haze Sumsion","status":true,"date":"10.02.2023"},
{"r_num":188,"id":1994,"operator":"Saunder Navaro","oprator_type":"Executive Secretary","equipmwnt":"V8","plate_number":2012,"remark":"americanexpress","repair_detail":"6229 Bobwhite Crossing","mechanic":"AF","checked_by":"Charil Eyrl","status":true,"date":"30.03.2023"},
{"r_num":189,"id":2011,"operator":"Cordy Joppich","oprator_type":"Staff Scientist","equipmwnt":"Avalon","plate_number":1963,"remark":"visa-electron","repair_detail":"8924 Eagle Crest Way","mechanic":"NA","checked_by":"Alena Lissaman","status":true,"date":"19.05.2023"},
{"r_num":190,"id":2004,"operator":"Zorah Fenners","oprator_type":"Marketing Assistant","equipmwnt":"Rainier","plate_number":1992,"remark":"jcb","repair_detail":"517 American Center","mechanic":"OC","checked_by":"Malchy Aleksandrov","status":false,"date":"30.06.2023"},
{"r_num":191,"id":1995,"operator":"Lazar Glasscoo","oprator_type":"Analyst Programmer","equipmwnt":"Blazer","plate_number":1997,"remark":"jcb","repair_detail":"18375 Northfield Pass","mechanic":"NA","checked_by":"Harris O'Kieran","status":false,"date":"22.11.2022"},
{"r_num":192,"id":2008,"operator":"Norene Klich","oprator_type":"Software Consultant","equipmwnt":"Cayenne","plate_number":1998,"remark":"jcb","repair_detail":"0545 Blackbird Point","mechanic":"AS","checked_by":"Abbott Bradborne","status":false,"date":"03.03.2023"},
{"r_num":193,"id":1999,"operator":"Wilmar Grew","oprator_type":"Analog Circuit Design manager","equipmwnt":"rio","plate_number":2012,"remark":"instapayment","repair_detail":"6489 Fulton Trail","mechanic":"SA","checked_by":"Frants Pancost","status":false,"date":"16.03.2023"},
{"r_num":194,"id":2011,"operator":"Lance Emberton","oprator_type":"Research Assistant IV","equipmwnt":"GLK-Class","plate_number":2011,"remark":"jcb","repair_detail":"7114 Burrows Parkway","mechanic":"OC","checked_by":"Dela Bourcq","status":false,"date":"20.05.2023"},
{"r_num":195,"id":2008,"operator":"Guenna Weagener","oprator_type":"Programmer Analyst IV","equipmwnt":"Escape","plate_number":1976,"remark":"visa","repair_detail":"5347 Muir Place","mechanic":"NA","checked_by":"Petronilla Hegdonne","status":true,"date":"28.07.2023"},
{"r_num":196,"id":2010,"operator":"Hendrick Merrien","oprator_type":"Analog Circuit Design manager","equipmwnt":"F350","plate_number":1990,"remark":"jcb","repair_detail":"23 Rusk Road","mechanic":"NA","checked_by":"Sari Mee","status":false,"date":"19.07.2023"},
{"r_num":197,"id":1993,"operator":"Charita Coppledike","oprator_type":"Associate Professor","equipmwnt":"riolet","plate_number":2010,"remark":"jcb","repair_detail":"628 Sunbrook Alley","mechanic":"AS","checked_by":"Allx Beamand","status":false,"date":"26.10.2022"},
{"r_num":198,"id":2011,"operator":"Katerina Matthaus","oprator_type":"Accounting Assistant I","equipmwnt":"Frontier","plate_number":1996,"remark":"jcb","repair_detail":"33693 Vera Park","mechanic":"NA","checked_by":"Arabela O'Cleary","status":true,"date":"14.06.2023"},
{"r_num":199,"id":1999,"operator":"Shannan Aspland","oprator_type":"Senior Financial Analyst","equipmwnt":"Neon","plate_number":2011,"remark":"jcb","repair_detail":"4273 Ilene Crossing","mechanic":"NA","checked_by":"Cindie Itshak","status":false,"date":"25.03.2023"},
{"r_num":200,"id":2006,"operator":"Zacherie Davidoff","oprator_type":"Speech Pathologist","equipmwnt":"Town & Country","plate_number":1999,"remark":"jcb","repair_detail":"9 Calypso Alley","mechanic":"AF","checked_by":"Alvera Dunabie","status":true,"date":"28.12.2022"}
]